;judul;artikel;;;;
0;Cerita Ma'ruf Amin Soal  Cawapres, dari Mahfud MD Lalu Belok Arah - pilpres Tempo.co;"	 TEMPO.CO, Jakarta - Ma'ruf Amin bercerita ihwal penunjukan dirinya sebagai calon wakil presiden Joko Widodo atau Jokowi dalam pemilihan presiden (pilpres) 2019.Ma'ruf, saat mendatangi kantor Dewan Pimpinan Pusat Partai Persatuan Pembangunan (PPP) di Jalan Diponegoro, Menteng, Jakarta Pusat, hari ini, mengisahkan, sore menjelang pengumuman cawapres Jokowi pada Kamis, 9 Agustus 2018, ia ditelepon Ketua Umum PPP Romahurmuziy atau Romy, yang memberitahukan keputusan Jokowi memilih Ma'ruf sebagai cawapres.Baca juga: Jokowi Ungkap Alasannya Pilih Maruf Amin Jadi CawapresAwalnya, Ma'ruf mengaku sempat mempertanyakan keputusan itu. ""Bukannya ada nama lain? Katanya sudah mengarah ke Pak Mahfud?"" ujarnya menirukan pembicaraannya dengan Romy via telepon sekitar pukul 16.30, kemarin.""Enggak, Pak. Ini ada arah baru, katanya muter,"" ucap Ma'ruf menirukan ucapan Romy.Setelah itu, Ma'ruf melanjutkan, Ketua Umum Partai Demokrasi Indonesia Perjuangan Megawati Soekarnoputri menelepon dirinya hanya berselang setengah jam. ""Jam lima sore, Ibu Mega menelepon saya (menyampaikan maksudnya),"" tuturnya.Baca juga: Isu Cawapres Jokowi, Ma'ruf Amin: Kalau Negara Memanggil, SiapMa'ruf menuturkan sejujurnya ia lebih nyaman berada di jalur dakwah saja. Namun, apabila negara memanggil, Ma'ruf mengaku siap. ""Saya kan sudah mengatakan saya enak di jalur ini (dakwah). Tetapi, kalau negara membutuhkan saya, saya siap,"" katanya.Lebih jauh, Ma'ruf mengatakan tak berkeinginan untuk menjadi cawapres. Ma'ruf sedari kecil disuruh untuk menjadi seorang kiai. ""Saya memang tidak pernah berniat, berharap, menginginkan, atau berangan-angan untuk menjadi wakil presiden. Saya itu disuruh jadi kiai,"" ujarnya.Keputusan Jokowi memilih Ma'ruf Amin menjadi calon wakil presiden pendampingnya dalam pilpres 2019 memang membuat banyak pihak terkejut. Sebab, sejak Kamis siang, nama cawapres yang mencuat bukanlah Ma'ruf, tapi Mahfud MD. Mantan Ketua Mahkamah Konstitusi itu bahkan diketahui sudah mengurus berbagai persyaratan menjadi cawapres.Baca juga: Jokowi Pilih Maruf Amin sebagai Cawapres""Setelah melalui perenungan yang mendalam dan dengan mempertimbangkan masukan-masukan dan saran-saran dari berbagai elemen masyarakat, maka saya memutuskan dan telah mendapatkan persetujuan dari partai-partai koalisi Indonesia Kerja, bahwa yang akan mendampingi saya sebagai calon wakil presiden 2019-2024 adalah Prof Dr KH Ma'ruf Amin,"" ucap Jokowi di Restoran Plataran Menteng, Jakarta, Kamis.";;;;
1;JK Yakin Ma'ruf Amin Bisa Menambah Suara Pemilih Jokowi - pilpres Tempo.co;"	 TEMPO.CO, Jakarta - Calon presiden Joko Widodo akhirnya memilih Ketua Majelis Ulama Indonesia (MUI) Ma'ruf Amin sebagai pendampingnya atau calon wakil presiden (cawapres) dalam pemilihan presiden 2019. Jokowi mengumumkan nama cawapresnya di Restoran Plataran Menteng, Jakarta Pusat, Kamis, 9 Agustus 2018.Sebagai orang yang kini mendampingi Jokowi di pemerintahan, Wakil Presiden Jusuf Kalla (JK) meyakini figur Ma’ruf sebagai seorang ulama akan menambah suara saat pemilihan. ""Kalau untuk menambah pemilih, pasti yakin bahwa sebagai ulama pasti kan banyak pemilihnya,"" kata JK di Kantor Wakil Presiden, Jakarta, Jumat, 10 Agustus 2018.Baca: Selesai Jumatan, Ma’ruf Amin Bersafari ke Partai Koalisi JokowiMenurut JK, ada sejumlah pemikiran yang membuatnya yakin Ma'ruf memiliki pengaruh positif terhadap suara pemilih Jokowi. Ia menuturkan Ma'ruf merupakan pemimpin dua organisasi besar, yaitu MUI dan Nahdlatul Ulama (NU). Di MUI, Ma'ruf menjabat ketua sejak 2015. Adapun di organisasi Pengurus Besar NU, Ma'ruf menyandang gelar Rais Am atau kiai besar. ""Bisa menambah konstituen daripada pasangan tersebut,"" ujarnya.Selain yakin bisa menambah suara, JK optimistis Ma’ruf bisa membantu tugas-tugas presiden, termasuk menggantikan presiden. Sebab, kata JK, Ma'ruf saat ini menjabat ketua di sejumlah organisasi dan lembaga. ""Hampir semua beliau ketua kan. Jadi soal memimpin orang pasti bisa. Dan soal untuk mempelajari masalah, ya, itu nanti sambil berjalan,"" ucapnya.Baca: Ahok Sudah Tahu Jokowi Pilih Ma'ruf Amin Jadi CawapresJK pernah berkomentar mengenai kriteria sosok yang menjadi cawapres Jokowi. Sosok yang akan menggantikan dirinya dalam pilpres 2019 bisa saja dari dalam atau luar partai. Sosok itu harus mampu memenuhi dua syarat, yaitu elektabilitas dan mampu mendongkrak suara presiden serta kemampuan cawapres dalam pemerintahan, termasuk menggantikan presiden.Wakil presiden terpilih juga harus siap sedia membantu tugas presiden, bahkan menggantikan sejumlah tugasnya. “Kalau perlu harus setara dengan presiden karena kalau ada apa-apa dia yang gantikan,” tutur JK.Baca: Jokowi Sebut Ma'ruf Amin Berpengetahuan Luas di Bidang Ekonomi";;;;
2;AHY Beri Dukungan Penuh untuk Prabowo - Sandiaga Uno - pilpres Tempo.co;"	 TEMPO.CO, Jakarta - Ketua Komando Satuan Tugas Bersama Partai Demokrat Agus Harimurti Yudhoyono atau AHY mengatakan, setelah berikhtiar lebih-kurang satu tahun serta melewati hari-hari dan malam-malam yang panjang, Majelis Tinggi akhirnya memutuskan mengusung pasangan Prabowo Subianto-Sandiaga Uno sebagai calon presiden dan wakil presiden untuk periode 2019-2024.Baca juga: Pertemuan SBY - Prabowo Kedua, Demokrat Sebut Prabowo Lirik AHY""Sebagai kader inti Partai Demokrat, saya memberikan dukungan penuh demi kesuksesan dan kemenangan pasangan Pak Prabowo dan Mas Sandiaga,"" kata AHY di rumah SBY, Kuningan, Jakarta, Jumat, 10 Agustus 2018.Menurut dia, saat ini adalah kesempatan yang baik untuk semua warga negara Indonesia yang akan melahirkan pemimpin-pemimpin terbaik bagi rakyat bangsa dan negara.AHY juga memberi ucapan kepada pasangan capres-cawapres Joko Widodo-Ma’ruf Amin. ""Selamat berkompetisi kepada pasangan calon presiden dan calon wakil presiden, Pak Jokowi dan Bapak Ma’ruf Amin, dan semoga kompetisi politik yang tentunya sudah bisa kita prediksi aman berlangsung dengan kompetitif, mudah-mudahan dapat berjalan fair, adil, dan demokratis,"" ujarnya.Baca juga: Partai Demokrat: AHY Layak untuk Cawapres Prabowo karena GantengAHY menilai harga yang dibayar terlalu mahal jika hanya karena pesta demokrasi ini, bangsa yang majemuk ini terpecah-belah. Sebab, pilpres ini hanya bersifat sementara, tidak permanen. ""Kita berkompetisi karena ingin mencari pemimpin terbaik di negeri ini. Kebinekaan harus dipelihara sampai kapan pun.""";;;;
3;Wawancara Tempo: Buka-Bukaan Ma'ruf Amin Soal Demo 212 Anti Ahok - pilpres Tempo.co;"	 TEMPO.CO, Jakarta - Fatwa Majelis Ulama Indonesia (MUI) yang diketuai oleh Ma'ruf Amin soal penistaan agama oleh mantan Gubernur DKI Jakarta Basuki Tjahaja Purnama pada Oktober 2016 berbuntut panjang. Sejumlah organisasi kemudian bergabung dan mengatasnamakan Gerakan Nasional Pengawal Fatwa (GNPF) MUI. Mereka pun memobilisasi massa untuk menggelar unjuk rasa bertajuk Aksi Bela Islam.Baca: Jadi Cawapres, Maruf Amin: Ulama dan NU Harus Dukung JokowiGoal dari gelombang unjuk rasa yang digelar pada 4 November atau 411 dan 2 Desember (212) ini adalah menyeret Ahok, sapaan Basuki, ke meja hijau. Keinginan mereka berhasil. Ahok, yang merupakan partner Joko Widodo atau Jokowi selama memimpin DKI Jakarta, sekarang masih mendekam di Rumah Tahanan Salemba Cabang Mako Brimob. Pengadilan Negeri Jakarta Utara memvonis Ahok dua tahun penjara.Dalam wawancara dengan Majalah Tempo pada awal Juni 2017, Ma'ruf Amin, yang sekarang menjadi cawapres Jokowi dalam Pilpres 2019, mengatakan Fatwa MUI tidak ada sangkut pautnya dengan GNPF. ""Tidak ada hubungan. MUI hanya mengeluarkan fatwa,"" kata Ma'ruf Amin kala itu di rumahnya yang ada di Koja, Jakarta Utara.Berikut petikan wawancara Ma'ruf Amin dengan wartawan Tempo Reza Maulana dan Raymundus Rikang seperti dikutip dari Majalah Tempo edisi 19 Juni 2017:Apa hubungan MUI dengan Gerakan Nasional Pembela Fatwa MUI?Tidak ada hubungan. MUI hanya mengeluarkan fatwa. Masyarakat membuat gerakan yang menggunakan isu fatwa penistaan agama dengan nama Pembela Fatwa MUI. Kami tidak pernah menyuruh dan memfasilitasi.Tapi ada Bachtiar Natsir, Wakil Sekretaris Dewan Pertimbangan MUI, di pucuk pemimpin gerakan itu?Dia di dewan pertimbangan. Jarang sekali berkomunikasi dengan kami di dewan pengurus. Keterlibatan orang MUI bersifat personal atau mewakili organisasi dia, bukan MUI.Dengan label MUI dalam gerakan mereka, sulit memisahkan MUI dengan demo-demo besar anti-Ahok.Itu fatwa MUI, bukan MUI.Apa yang mendasari pengawalan fatwa?Saya tidak mendalami. Kami hanya menginginkan proses hukum di kepolisian dan pengadilan, selesai. Saya menganggap Aksi 2 Desember sebagai yang terakhir karena tuntutan menyidangkan Ahok sudah didengar. Maka, ketika ada seruan Tamasya Al-Maidah saat pencoblosan pilkada DKI dan Aksi 31 Maret, saya bilang tidak perlu lagi. Kami tak ingin terjadi pembelokan isu.Anda sepakat dengan dugaan polisi bahwa rentetan demo itu ditunggangi gerakan makar?Itu yang saya khawatirkan. Makanya pada 212 saya arahkan agar tak ada orasi. Jemaah diminta duduk, mendengarkan tausyiah dan berzikir, supaya lebih adem. Dalam diskusi dengan panitia dan kepolisian, saya juga mengarahkan aksi dipusatkan di Monas. Berbahaya kalau dilakukan di Thamrin seperti keinginan panitia.Simak juga: Jejak Karir Ma'ruf Amin Sebelum Jadi Cawapres JokowiMenurut Bapak Ma'ruf Amin, apa bahayanya?Kepala aksi di Bundaran HI, buntutnya di DPR. Buntut itu bisa tiba-tiba jadi kepala dan arah demo berubah jadi politik.";;;;
4;Jokowi - Ma'ruf Amin Disambut Shalawat di Gedung Joang - pilpres Tempo.co;"	 TEMPO.CO, Jakarta - Presiden Joko Widodo atau Jokowi dan Ketua Majelis Ulama Indonesia (MUI) Ma'ruf Amin tiba di Gedung Joang 45, Jakarta, pada pukul 08.52. Jokowi yang tiba bersama Ma'ruf disambut dengan shalawat oleh para relawan Jokowi yang telah menunggu sejak pagi.""Hidup Jokowi!"" ujar para relawan di sela-sela senandung shalawat.Baca: Maruf Amin Cawapres, PA 212 Tetap Ogah Dukung JokowiJokowi dan Ma'ruf kompak mengenakan baju berwarna putih. Jokowi disambut relawan, ketua umum partai, dan sekretaris jenderal dari sembilan partai pendukung Jokowi. Adapun Jokowi akan mendaftarkan diri bersama Ma'ruf sebagai calon presiden dan calon wakil presiden ke KPU RI, Jakarta pada sekitar 09.00.Baca: Detik-detik sebelum Jokowi Umumkan Ma'ruf Amin Jadi CawapresAdapun sembilan sekjen partai pendukung Jokowi hadir lengkap mengantarkan Jokowi-Ma'ruf ke KPU, yakni Partai Demokrasi Indonesia Perjuangan, Partai Golkar, Partai Nasdem, Partai Perindo, Partai Persatuan Pembangunan, Partai Solidaritas Indonesia, Partai Hanura Partai Keadilan dan Persatuan Indonesia dan Partai Kebangkitan Bangsa.";;;;
5;Gerindra Klaim SBY Menerima Penjelasan Prabowo dengan Gembira - pilpres Tempo.co;"	 TEMPO.CO, Jakarta - Sekretaris Jenderal Partai Gerindra Ahmad Muzani mengatakan pertemuan antara Ketua Umum Partai Gerindra Prabowo Subianto dan Ketua Umum Partai Demokrat Susilo Bambang Yudhoyono atau SBY pada Kamis pagi berlangsung menggembirakan. Menurut Muzani, SBY menerima pandangan-pandangan yang disampaikan Prabowo. Hal ini disampaikan Muzani saat ditanya apakah SBY sudah legawa dengan calon wakil presiden yang akan dipilih Prabowo. Baca: Wasekjen Demokrat Beberkan Tujuh Poin Pertemuan SBY dan Prabowo  ""Pak SBY menerima pandangan Pak Prabowo dengan suasana kegembiraan persahabatan, dengan suasana yang bersaudara,"" kata Muzani di depan rumah Prabowo, Jalan Kertanegara IV, Jakarta Selatan, Kamis, 9 Agustus 2018. Sebelumnya, Prabowo menyambangi rumah SBY di Jalan Mega Kuningan Timur VII, Jakarta Selatan, Kamis pagi. Muzani berujar pertemuan itu untuk membahas kelanjutan koalisi antara Gerindra dan Demokrat dalam pemilihan presiden atau pilpres 2019. Simak: Ditanya Sandiaga Uno Jadi Cawapres, Prabowo: Masih Musyawarah  Muzani menuturkan, dalam pertemuan itu, Prabowo dan SBY juga membicarakan nama-nama yang mungkin dipilih menjadi cawapres. Hingga pagi itu, ada dua nama yang menjadi kandidat kuat, yakni Wakil Ketua Dewan Pembina Partai Gerindra Sandiaga Uno dan Ketua Komando Satuan Tugas Bersama Partai Demokrat Agus Harimurti Yudhoyono (AHY). Muzani berujar Prabowo dan SBY akan mengintensifkan komunikasi dalam sehari ini. Mereka, kata dia, juga memperbincangkan pembagian kekuasaan atau power sharing dalam pemerintahan jika memenangi pilpres 2019. Lihat: Setelah Sebut Prabowo Jenderal Kardus, Demokrat: Masih Koalisi  ""Pak Prabowo juga banyak mendiskusikan tentang bagaimana power sharing yang akan dilakukan pada saatnya nanti ketika rakyat memberikan kepercayaan kepada beliau sebagai Presiden RI,"" ujarnya.";;;;
6;Ingin Tahu Siapa Cawapres Jokowi, Ketua PPP: Datang ke PN Pusat - pilpres Tempo.co;"	 TEMPO.CO, Jakarta - Ketua Umum Partai Persatuan Pembangunan (PPP) Romahurmuziy menyarankan masyarakat yang ingin tahu siapa calon wakil presiden Joko Widodo atau cawapres Jokowi di pemilihan presiden atau pilpres 2019 datang ke Pengadilan Negeri Jakarta Pusat, pagi ini.Baca: Kata Rommy PPP Soal Inisial M dan Rahasia Langit Cawapres Jokowi“Yang ontran-ontran, biarkan sampai besok membereskan rumah tangganya. Nah, kalau sekarang ingin tahu siapa cawapres @jokowi, datangilah PN Jakarta Pusat. Ceklah siapa yang mengurus ‘Pernyataan Tidak Sedang dalam Kondisi Pailit’, karena persyaratan ini tidak sebentar ngurusnya dan besok harus masuk,” kata Romy lewat akun Twitter resminya, @MRomahurmuziy, pada Kamis, 9 Agustus 2018.Memasuki hari-hari terakhir pendaftaran capres dan cawapres, Romahurmuziy rupanya belum mau membocorkan nama yang akan mendampingi Joko Widodo atau Jokowi dalam pilpres 2019.""Rahasia langit. Belum tahu, nanti malam mau rapat lagi,"" kata Romy setelah mendampingi Presiden menghadiri peresmian pembukaan Pendidikan Kader Ulama Majelis Ulama Indonesia (MUI) Kabupaten Bogor Angkatan XII Tahun 2018 di Gedung Tegar Beriman, Cibinong, Kabupaten Bogor, Jawa Barat, Rabu, 8 Agustus 2018.Simak juga: Siapa Cawapres Jokowi? Rommy PPP: Dia Mewakili Pelangi NKRIRomahurmuziy hanya memberi isyarat bahwa cawapres Jokowi dalam pilpres 2019 berinisial M dan tidak lepas dari 10 nama yang disampaikan sebelumnya. ""Percayalah, tidak akan keluar dari 10 nama yang saya sampaikan sebelumnya. Dari 10 nama itu, kan ada Ma'ruf Amin, Mahfud MD, ada Moeldoko, Muhaimin Iskandar, (Sri) Mulyani, ada M. Romahurmuziy, ada Mbak Susi, ada Mas Airlangga. Kita tunggu saja pengumuman dari beliau,"" katanya.";;;;
7;Cawapres Prabowo, Elektabilitas AHY Ungguli Sandiaga Uno. - pilpres Tempo.co;"	 TEMPO.CO, Jakarta - Nama untuk calon Wakil Presiden atau Cawapres Prabowo Subianto, Ketua Umum Partai Gerindra, semakin mengerucut. Sekretaris Jenderal Partai Gerindra Ahmad Muzani mengatakan dua nama yang ada di kantong Prabowo adalah Wakil Ketua Dewan Pembina sekaligus Wakil Gubernur DKI Jakarta Sandiaga Uno dan Ketua Komando Satuan Tugas Bersama Partai Demokrat Agus Harimurti Yudhoyono (AHY).Baca: Disebut Jadi Opsi Cawapres, Sandiaga Uno Datangi Rumah Prabowo""Sampai dengan tadi ada dua nama, Pak Sandi dan Pak AHY,"" kata Muzani di depan rumah Ketua Umum Partai Gerindra Prabowo Subianto, Jalan Kertanegara IV, Jakarta Selatan, Rabu malam, 8 Agustus 2018. Direktur Pencapresan Partai Keadilan Sejahtera (PKS) Suhud Alynuddin mengatakan Prabowo sempat menawarkan nama Sandiaga Uno sebagai kandidat calon wakil presiden.Jika melihat sigi pelbagai lembaga survei, AHY tentu lebih menguntungkan dari Sandiaga Uno. Alasannya, sampai saat ini, nama Sandiaga Uno belum masuk ke radar survei. Sehingga, elektabilitas Wakil Gubernur DKI Jakarta ini dalam kancah politik nasional belum bisa diukur.Survei LIPI pada 19 April-5 Mei 2018, misalnya, mengunggulkan AHY sebagai cawapres. Elektabilitas AHY mencapai 8,1 persen. Adapun metode survei yang digunakan adalah multistage random sampling dengan sampel survei berjumlah 2.100 responden. Pengumpulan data dilakukan dengan metode wawancara tatap muka dengan margin of error (MoE) sebesar 2,14 persen pada tingkat kepercayaan 95 persen.Simak juga: Gerindra: Sandiaga Uno Serahkan Soal Cawapres kepada PrabowoSurvei Roda Tiga Konsultan yang dirilis pada awal Agustus lalu pun menyebutkan nama AHY mendapat presentase tertinggi sebesar 25,6 persen pada pilihan spontan siapa cawapres Prabowo. Roda Tiga Konsultan menggelar survei pada 23 Juli hingga 1 Agustus 2018. Survei ini menggunakan metode stratified systemic random sampling yang melibatkan 1610 responden berusia 17 tahun ke atas. Sampel diambil dari seluruh provinsi di Indonesia dengan responden terdistribusi secara proporsional. Rentang margin of error sebesar 2,5 persen.";;;;
8;Soal Cawapres, Jokowi: Depannya Pakai M Pokoknya - pilpres Tempo.co;"	 TEMPO.CO, Jakarta - Presiden Joko Widodo alias Jokowi memastikan nama calon wakil presiden atau cawapres yang akan mendampinginya dalam pemilihan presiden 2019 berinisial M.""Depannya pakai M pokoknya,"" kata Jokowi di Istana Negara, Jakarta, Rabu, 8 Agustus 2018.Baca: Kata Rommy PPP Soal Inisial M dan Rahasia Langit Cawapres JokowiJokowi masih enggan menyebutkan nama cawapresnya secara utuh. Ketika disebutkan satu per satu sosok bakal cawapres dengan nama depan M, Jokowi malah bergurau. ""Ya, misalnya, itu kan M,"" ujarnya.Jokowi kemudian menyebutkan beberapa sosok di hadapan awak media. ""Pak Ma'ruf? Muhammad Jusuf Kalla juga M, Mbak Puan juga M, Mas Airlangga juga M,"" ucapnya sambil berseloroh.Baca: Jokowi dan Ketua Partai Koalisi Rapat Malam Ini, Bahas CawapresKetua Umum Partai Persatuan Pembangunan Romahurmuziy atau Romy juga beberapa kali mengatakan cawapres Jokowi memiliki nama awalan M dan tidak keluar dari sepuluh nama yang sudah beredar. ""Kan saya sudah tegaskan waktu itu. Percayalah, tidak pernah keluar dari 10 nama yang sudah saya tegaskan. Hanya, waktu itu kan banyak yang meragukan statement saya. Percayalah, statement Ketum (Ketua Umum) PPP paling benar,"" tuturnya.Romy menuturkan para ketua umum partai koalisi memberikan kesempatan pada Jokowi untuk mengumumkan cawapresnya. Yang pasti, kata dia, saat pengumuman cawapres itu, partai pendukung Jokowi akan ikut mendampingi.Nama-nama cawapres Jokowi yang beredar antara lain mantan Ketua Mahkamah Konstitusi, Mahfud MD"; Menteri Keuangan Sri Mulyani; Ketua Umum Partai Kebangkitan Bangsa Muhaimin Iskandar; Ketua Umum Partai Golkar Airlangga Hartarto;" dan Muhammad Romahurmuziy.Baca: Putri Gus Dur Nilai Empat Figur Ini Bisa Jadi Cawapres Jokowi"""
9;Amien Rais Seorang Diri Sambangi Rumah Prabowo Subianto - pilpres Tempo.co;"	 TEMPO.CO, Jakarta - Ketua Dewan Kehormatan Partai Amanat Nasional atau PAN  Amien Rais mendatangi rumah Ketua Umum Partai Gerindra Prabowo Subianto. Amien tiba di rumah Prabowo, Jalan Kertanegara IV, Jakarta Selatan, sekitar pukul 16.50.Tiba dengan mobil Toyota Camry hitam bernomor polisi B 264 MAR, Amien turun di depan pintu rumah Prabowo dan langsung masuk ke rumah orang nomor satu Gerindra itu. Menurut seorang petugas keamanan rumah Prabowo, Amien tiba diantar sopirnya, tanpa didampingi elite PAN lainnya.Baca: Prabowo Subianto Temui Zulkifli Hasan di Rumah Dinas Ketua MPRTemui Prabowo, GNPF Tagih Hasil Keputusan Cawapres Ijtima UlamaSekitar pukul 17.15, Amien meninggalkan rumah Prabowo. Dia lagi-lagi melewati pintu rumah Prabowo dan masuk mobil dengan cepat. Amien tak mengindahkan para juru warta yang memanggil-manggilnya.Prabowo Subianto hari ini menemui sejumlah petinggi partai mitra koalisinya untuk Pemilihan Presiden (Pilpres) 2019. Prabowo menyambangi rumah Ketua Majelis Syuro Partai Keadilan Sejahtera Salim Segaf Al Jufri di kawasan Pasar Minggu, Jakarta Selatan.Baca: Wasekjen Demokrat Beberkan Tujuh Poin Pertemuan SBY dan PrabowoSekretaris Jenderal Partai Gerindra Ahmad Muzani mengatakan pertemuan Prabowo dengan Salim berlangsung produktif dan menghasilkan titik terang. Muzani juga mengklaim PKS legawa apabila Prabowo memilih calon wakil presiden di luar sembilan kader PKS atau rekomendasi Ijtima (Pertemuan) Ulama Gerakan Nasional Pengawal Fatwa.""Legawa, pokoknya PKS tadi suasananya riang gembira,"" kata Muzani di depan rumah Prabowo, Jalan Kertanegara, Jakarta Selatan, Rabu, 8 Agustus 2018.Simak: Cak Imin Ragukan Prabowo Bisa Maju Capres ... ";;;;
10;Wawancara Majalah Tempo, Blak-Blakan Maruf Amin Soal Fatwa Ahok - pilpres Tempo.co;"	 TEMPO.CO, Jakarta - Presiden Joko Widodo atau Jokowi resmi mengumumkan Ketua Majelis Ulama Indonesia (MUI) Maruf Amin sebagai Calon Wakil Presiden (Cawapres) yang baka mendampinginya dalam Pilpres 2019. Nama Ma'ruf pernah menjadi sorotan ketika mantan Gubernur DKI Jakarta Basuki Tjahaja Purnama dituduh menistakan agama.Baca: Detik-detik sebelum Jokowi Umumkan Ma'ruf Amin Jadi CawapresPerkara ini bermula ketika Ahok, sapaan Basuki, berpidato di hadapan masyarakat Pulau Pari, Kepulauan Seribu pada akhir 2016. Kala itu, Ahok menyitir Al-Maidah Ayat 51. Video pidato Ahok ini viral. Beberapa organisasi masyarakat seperti Front Pembela Islam (FPI) berang. Mereka menggalang massa untuk meminta Ahok diadili lewat jalur hukum karena dianggap menistakan agama.Suasana semakin panas ketika MUI mengeluarkan Fatwa yang berbunyi: ""Pernyataan Basuki Tjahaja Purnama dikategorikan : (1) menghina Al-Quran dan atau (2) menghina ulama yang memiliki konsekuensi hukum,"". Pernyayaan MUI ini yang kemudian melahirkan Gerakan Nasional Pengawal Fatwa (GNPF). Kelompok GNPF ini yang kemudian menggerakan unjuk rasa mebndorong agar Ahok diadili, gelombang unjuk rasa tersebut dikenal dengan Aksi Bela Islam 411 dan 212.Awal Juni 2017, Majalah Tempo mewawancarai Ma'ruf di rumahnya di Koja, Jakarta Utara. Ma'ruf blak-blakan soal kenapa akhirnya MUI mengeluarkan fatwa tersebut. Berikut petikan wawancara Ma'ruf dengan wartawan Tempo Reza Maulana dan Raymundus Rikang seperti dikutip dari Majalah Tempo edisi 19 Juni 2017.Keputusan MUI tentang penistaan agama oleh Basuki Tjahaja Purnama termasuk menimbulkan kegaduhan?Bukan fatwa yang menimbulkan kegaduhan, tapi ucapan Ahok (panggilan Basuki). Fatwa itu muncul untuk mengkanalisasi gerakan yang berpotensi anarkistis. Kami keluarkan fatwa bahwa ada penghinaan, lalu salurkan ke penegak hukum.Apa yang dihina Ahok: agama, Al-Quran, atau ulama?Al-Quran dan ulama. Al-Quran karena dalam pidato Ahok ada kata-kata ""dibohongi pakai Surat Al-Maidah"". Masak, Quran bisa dijadikan alat kebohongan? Yang memberi penafsiran kebohongan itu ulama. Berarti ulama melakukan kebohongan menggunakan Al-Maidah.Sementara fatwa media sosial butuh enam bulan, mengapa MUI hanya perlu sebelas hari memutuskan hal tersebut?Kalau cuma omongan seperti itu, tidak sulit dan tidak butuh waktu panjang. Sebelas hari itu lebih dari cukup.(Ketika Tempo mewawancarai Maruf, ia baru saja mengeluarkan fatwa larangan untuk menyebarkan hoax di media sosial)Ahok berdalih tak mungkin menghina Islam karena konstituennya mayoritas muslim...Dalam Islam, yang dinilai adalah ucapannya. Soal hati dan niat, urusan Allah. Nabi Muhammad SAW melarang kita menuduh orang munafik. Beliau bilang, apa kamu sudah membelah dadanya? Itu saya sampaikan ketika menjadi saksi di persidangan, Februari lalu.Anda dibentak dalam persidangan itu?Ya, oleh pengacaranya. Ahok juga membuat pernyataan yang keras di akhir persidangan.Mereka bilang apa?Saya lupa kalimat persisnya. Pokoknya, mereka tidak terima. Menuduh saya punya kepentingan lain dalam kasus tersebut dan mengancam akan melaporkan ke polisi karena memberi keterangan palsu.Anda marah?Enggak. Saya biasa menghadapi hal seperti itu. Seorang ulama harus bisa mengendalikan diri. Malamnya, saya ceramah di acara Hari Lahir NU, tidak terbawa situasi siang itu. Cool saja.Kenapa Menteri Luhut Pandjaitan dan Kepala Kepolisian Daerah Metro Jaya Mochamad Iriawan merespons dengan sowan ke rumah Anda?Yang marah adalah umat karena saya diperlakukan seperti itu. Bukan hanya NU, tapi dari mana-mana. Para pejabat itu minta maaf dan minta saya menenangkan keadaan.Ahok dan pengacaranya tidak minta maaf?Mereka minta ketemu, saya enggak mau. Tapi, mereka minta maaf, saya maafkan. Yang penting kan maafnya. Ketemunya kapan-kapan saja.Simak juga: Wawancara Ma'ruf Amin: MUI Tidak Menolak Pemimpin Nonmuslim, Tapi";;;;
11;Jadi Cawapres Prabowo, Sandiaga Mundur dari Gerindra - pilpres Tempo.co;"	 TEMPO.CO, Jakarta - Ketua Umum Partai Gerindra Prabowo Subianto resmi menggandeng Sandiaga Uno sebagai calon wakil presidennya di Pemilihan Presiden 2019. Prabowo mengatakan, dia sebelumnya meminta Sandiaga mundur dari jabatan Wakil Ketua Dewan Pembina Partai Gerindra.Baca: Prabowo - Sandiaga Uno Diusung Gerindra, PKS dan PAN""Saya meminta beliau mundur dari Partai Gerindra,"" kata Prabowo di depan rumahnya, Jalan Kertanegara IV, Jakarta Selatan, Kamis malam, 9 Agustus 2018.Prabowo sekaligus mengumumkan bangunan koalisi yang terdiri dari Partai Gerindra, Partai Keadilan Sejahtera, dan Partai Amanat Nasional. Kata Prabowo, mundurnya Sandiaga itu diperlukan agar bisa diterima oleh partai koalisi yang lain. Sandiaga, kata dia, selanjutnya menjadi calon wakil presiden yang berasal dari kalangan nonpartai.""Beliau mundur dari jabatan-jabatan itu, mundur dari Partai Gerindra, untuk bisa diterima sebagai calon independen,"" kata Prabowo.Prabowo menyebut mundurnya Sandiaga itu sebagai bentuk pengorbanan. Padahal, ujar Prabowo, Sandiaga sudah meniti karier cukup lama di Gerindra. Jabatan Sandiaga sebagai Wakil Ketua Dewan Pembina berada tepat di bawah Prabowo yang merangkap jabatan sebagai Ketua Dewan Pembina Partai Gerindra.Sebelumnya, sempat muncul wacana Sandiaga akan direkrut oleh Partai Amanat Nasional. Wakil Ketua Dewan Kehormatan PAN Drajad Wibowo mengatakan, PAN menimbang formulasi yang sama-sama berlatar belakang Gerindra jika Prabowo berpasangan dengan Sandiaga.Baca: Prabowo: Sandiaga Mengundurkan Diri sebagai Wakil Gubernur DKINamun, sesaat sebelum deklarasi, Ketua Umum PAN Zulkifli Hasan mengatakan partainya tak mensyaratkan Sandiaga harus ""berbaju"" PAN demi mendapat tiket cawapres.""Enggak harus (jadi kader PAN), yang penting Sandi untuk Indonesia, udah cukup,"" kata Zulkifli di depan rumah Prabowo, sekitar 45 menit sebelum deklarasi Prabowo-Sandiaga.";;;;
12;Relawan Jokowi Tinggalkan Tugu Proklamasi Usai Cawapres Diumumkan - pilpres Tempo.co;"	 TEMPO.CO, Jakarta - Relawan pendukung calon presiden Joko Widodo atau Jokowi meninggalkan Tugu Proklamasi, Jakarta Pusat. Lokasi tersebut awalnya akan dijadikan tempat deklarasi cawapres Jokowi.Para relawan bubar perlahan setelah Jokowi mendeklarasikan diri maju bersama Ketua Majelis Ulama Indonesia Maruf Amin di Plataran, Menteng, Jakarta Pusat. Beberapa dari mereka menyaksikan pengumuman tersebut melalui siaran langsung situs berita di telepon seluler. Ada pula yang mendapat laporan langsung melalui telepon dari relawan yang hadir di Plataran.Baca: Maruf Amin Cawapres, Sekjen PSI: Tak Ada Perintah Soal AhokerRelawan Jokowi sudah berkumpul di Tugu Proklamasi sejak sore sekitar pukul 15.30. Rencananya, deklarasi dilakukan pukul 16.00.Menjelang deklarasi, Tugu Proklamasi dijaga ketat. Di pintu masuk, Pasukan Pengaman Presiden (Paspampres) berjaga memeriksa setiap pengunjung.Baca: Maruf Amin: Alhamdulillah, Tanpa Diduga Saya Dipilih JokowiKemudian menjelang petang masih belum ada tanda kedatangan Jokowi. Namun beberapa anggota Paspampres tampak sibuk mengatur pencahayaan dan sistem suara. Satu mikrofon berdiri disiapkan di tengah patung Presiden Soekarno dan Wakil Presiden Mohammad Hatta.Sekitar pukul 18.30, Jokowi mendeklarasikan cawapresnya. Riuh terdengar dari para relawan. Mereka menunggu sejenak hingga pukul 19.00, berharap Jokowi datang. Sambil menunggu, para relawan berfoto di depan monumen.Sekitar pukul 19.30, kawasan monumen mulai sepi. Para relawan berangsur-angsur meninggalkan tempat tersebut.Baca: Jokowi Ungkap Alasannya Pilih Maruf Amin Jadi Cawapres";;;;
13;Wawancara Ma'ruf Amin: MUI Tidak Menolak Pemimpin Nonmuslim, Tapi - pilpres Tempo.co;"	 TEMPO.CO, Jakarta - Presiden Joko Widodo atau Jokowi menunjuk Ketua Umum Majelis Ulama Indonesia Ma'ruf Amin sebagai pendampingnya dalam Pilpres 2019. Nama Ma'ruf Amin tidak bisa dilepaskan dari fatwa MUI yang menyebut mantan Gubernur DKI Jakarta menistakan Al-Quran dan ulama. Fatwa ini berujung pada gerakan massa yang mendesak Ahok, sapaan Basuki, agar diadili.Baca: Maruf Amin: Alhamdulillah, Tanpa Diduga Saya Dipilih JokowiKeinginan massa terpenuhi. Ahok saat ini masih mendekam di Rumah Tahanan Salemba cabang Mako Brimob. Pengadilan Negeri Jakarta Utara memvonis dia bersalah karena telah menistakan agama. Ahok dihukum dua tahun penjara.Selain soal penistaan agama, penolakan dari massa unjuk rasa adalah soal pemimpin non-muslim. Massa menolak DKI Jakarta dipimpin pemimpin non-muslim.Dalam wawancara dengan Majalah Tempo pada awal Juni 2017, Ma'ruf Amin, bebicara soal penolakan terhadap pemimpin non-muslim. Berikut petikan wawancara Ma'ruf Amin dengan wartawan Tempo Reza Maulana dan Raymundus Rikang di rumahnya di Koja, Jakarta Utara, seperti dikutip dari Majalah Tempo edisi 19 Juni 2017:Bukankah larangan memilih pemimpin nonmuslim bertentangan dengan persamaan hak di Undang-Undang Dasar 1945?Tidak bertentangan. MUI tidak pernah menolak pencalonan nonmuslim. Tapi, ketika umat meminta pendapat soal pemilihan, tentu kami arahkan sesuai dengan pendapat kalangan ulama, yaitu tidak boleh memilih pemimpin nonmuslim. NU juga menyatakan hal yang sama, seperti tertuang dalam hasil Muktamar Lirboyo 1999.Artinya umat Islam hanya boleh memilih sesama muslim?Kalau ada, pilihlah yang muslim. Kalau tidak ada, pilihlah calon paling baik di antara yang ada.Simak juga: Maruf Amin Cawapres, PA 212 Tetap Ogah Dukung JokowiApakah Bapak Ma'ruf Amin setuju jika fatwa atribut nonmuslim disebut anti-keberagaman?Itu cuma dikaitkan-kaitkan. Yang tak boleh adalah umat Islam dipaksa memakai atribut Natal. Polisi bisa mengenakan pasal pemaksaan kehendak. Kalau dia sendiri tak terpaksa, ya, urusan dia. Pohon Natal di mal, misalnya, enggak ada masalah.";;;;
14;Daftar Capres: Jokowi dari Gedung Joang 45, Prabowo dari Istiqlal - pilpres Tempo.co;"	 TEMPO.CO, Jakarta - Dua pasangan calon presiden dan calon wakil presiden, Joko Widodo atau Jokowi dan Ma'ruf Amin dan Prabowo Subianto-Sandiaga Uno hari ini akan mendaftarkan diri ke Kantor Komisi Pemilihan Umum (KPU). Ini merupakan hari terakhir pendaftaran capres cawapres sebelum ditutup pada tengah malam nanti.Baca: Jokowi Ungkap Alasannya Pilih Maruf Amin Jadi CawapresKubu pendukung Jokowi dan Ma'ruf akan bergerak dari Gedung Joang 45 di daerah Menteng, Jakarta Pusat. Sedangkan Prabowo dan Sandi bersama pendukungnya akan bertolak dari Masjid Istiqlal, Jakarta Pusat.Presiden Joko Widodo atau Jokowi resmi mengumumkan bahwa Ketua Majelis Ulama lndonesia (MUI), Ma'ruf Amin, akan menjadi calon wakil presiden atau cawapres-nya di pemilihan presiden 2019. Hal tersebut diumumkan Jokowi di Restoran Plataran Menteng, Jakarta pada Kamis, 9 Agustus 2018. TEMPO/Dewi NuritaSekretaris Jenderal Partai Nasional Demokrasi Johnny G. Plate mengatakan pasangan Jokowi dan Ketua Majelis Ulama Indonesia itu akan berkumpul di Gedung Joang 45 pada pukul 08.00 WIB dan diperkirakan tiba di kantor KPU pada pukul 09.00 WIB.Baca: Pilih Maruf Amin Jadi Cawapres, Jokowi: Kami Nasionalis-ReligiusNantinya, Jokowi akan diantar oleh ketua umum dan sekretaris jenderal partai pendukung. Ini bertujuan agar tidak ada konsentrasi masa pendukung. Hal ini sebagai upaya menjaga solidaritas untuk masyarakat di Nusa Tenggara Barat (NTB) yang masih dihantui oleh sejumlah gempa susulan.Ketua Umum Partai Gerindra Prabowo Subianto dan Sandiaga Uno mendeklarasikan sebagai pasangan calon presiden dan wakil presiden dalam Pilpres 2019 di Jakarta, Kamis (9/8/2018) malam. ANTARA FOTO/Sigid KurniawanDi kubu lain, Prabowo resmi mengumumkan Sandi sebagai calon wakil presidennya pada Kamis malam, 9 Agustus 2018. Pasangan ini diusung oleh tiga partai koalisi yaitu Partai Gerindra, Partai Amanat Nasional (PAN), dan Partai Keadilan Sejahtera (PKS). Partai Demokrat yang sebelumnya merapat ke kubu Prabowo tidak ikut dalam deklarasi.Baca: Prabowo - Sandiaga Uno Diusung Gerindra, PKS dan PANPrabowo-Sandiaga bersama pendukungnya akan berkumpul di Masjid Istiqlal lebih dulu sebelum mendaftar ke KPU. ""Besok kami daftar ke KPU sesudah Salat Jumat, rencananya kami salat bersama di Masjid Istiqlal,"" kata Prabowo dalam acara deklarasi capres dan cawapres, Kamis, 9 Agustus 2018.Sebelum bergerak ke KPU, Sandi akan lebih dulu menyambangi Prabowo yang berada di Jalan Kertangegara IV, Kebayoran Baru, Jakarta Selatan. Selain itu, Sandi juga akan mengurus surat pengunduran diri sebagai pecinta wakil presiden asal Indonesia.";;;;
15;PPP Tirukan Ma'ruf Amin: Tidak Usah Dicalonkan Saya Sudah Sepuh - pilpres Tempo.co;"	 TEMPO.CO, Jakarta - Presiden Joko Widodo alias Jokowi resmi menunjuk Ketua Majelis Ulama Indonesia (MUI) Ma'ruf Amin sebagai calon wakil presiden. Keduanya pun sudah mendaftar. Ketua Umum Partai Persatuan Pembangunan (PPP) Romahurmuziy atau Rommy mengatakan Ma'ruf Amin sempat menolak menjadi cawapres Jokowi.Baca: Ma'ruf Amin Sindir Kubu Prabowo yang Tak Mendengar Ijtima UlamaRommy bercerita, dia sempat berkunjung ke rumah Ma'ruf Amin pada Januari 2018. ""Saya ke rumah kiai dan bilang, tanpa pamit ke panjenengan, saya sudah usulkan nama Pak Kiai ke Pak Presiden,"" kata Rommy menceritakan ulang pertemuannya dengan Ma'ruf Amin, Jumat, 10 Agustus 2018.Mendengar perkataan itu, Ma'ruf Amin seperti ditirukan Rommy menjawab, ""Tidak usah dicalon-calonkan, saya sudah sepuh.""""Tapi saya bilang, Pak Kiai ini lebih muda dari Pak JK,"" kata Rommy menimpali. Pembicaraan ini menguap. Namun, Rommy mengklaim sering menyinggung nama Ma'ruf Amin ketika bertemu dengan Jokowi.Baca juga: Cerita Ma'ruf Amin Soal Cawapres, dari Mahfud MD Lalu Belok ArahPengumuman Ma'ruf Amin sebagai cawapres Jokowi sempat diwarnai drama. Satu jam sebelum pengumuman, justru nama mantan Ketua Mahkamah Konstitusi Mahfud MD yang santer bakal menjadi Cawapres Jokowi. Bahkan, Mahfud MD sudah mengurus beberapa syarat administrasi untuk pendaftaran.";;;;
16;Forum Umat Islam Dukung Prabowo - Sandiaga - pilpres Tempo.co;"	 TEMPO.CO, Jakarta - Sekretaris Jenderal Forum Umat Islam (FUI) Muhammad Al Khaththath mengatakan FUI memutuskan mendukung pasangan Prabowo Subianto dan Sandiaga Uno di Pemilihan Presiden 2019. Al Khaththath menuturkan pasangan calon presiden dan wakil presiden Prabowo - Sandiaga cukup mewakili suara Islam.Baca: Sandiaga Jadi Cawapres Prabowo, PKS Berharap Jatah Wagub DKIAl Khaththath pun menyinggung dukungan yang juga diberikan kepada Sandi saat pemilihan kepala daerah DKI Jakarta 2017. Kata dia, dukungan kepada Prabowo - Sandi ibarat mengulang sejarah pilkada DKI. ""Ya lumayan mewakili. Insya Allah, dalam pilgub DKI Pak Sandiaga menang, mudah-mudahan dalam pilpres ini juga menang,"" kata Al Khaththath di kantor Komisi Pemilihan Umum, Jalan Imam Bonjol, Jakarta Pusat, Jumat, 10 Agustus 2018.Al Khaththath memaklumi partai koalisi pengusung Prabowo - Sandi tak menerima hasil rekomendasi Ijtima' Ulama yang diselenggarakan oleh Gerakan Nasional Pengawal Fatwa (GNPF). Ijtima' Ulama sebelumnya mengusulkan Ketua Majelis Syuro Partai Keadilan Sejahtera Salim Segaf Al Jufri dan Abdul Somad sebagai calon wakil presiden untuk Prabowo.Belakangan GNPF pun mengeluarkan rekomendasi baru. Mereka menyorongkan penceramah Arifin Ilham dan Abdullah Gymnastiar (Aa Gym). Namun, Prabowo lebih memilih Sandiaga Uno sebagai cawapres.Al Khaththath mengatakan dia kukuh pada hasil Ijtima' Ulama yang merekomendasikan Prabowo sebagai capres, kendati cawapresnya tak diusulkan forum yang sama. ""Sekarang terserah masyarakat. Kalau saya konsisten, karena hasil Ijtima' Ulama itu capresnya adalah Prabowo. Ya udah itu aja ambil,"" kata dia.Baca juga: Ini Harta Kekayaan Prabowo - Sandiaga Menurut LHKPNAl Khaththath mengaku belum mengetahui sikap terkini GNPF ihwal pencalonan Sandiaga. Dia juga mengaku tak tahu saat ditanya apa yang ditawarkan pasangan Prabowo - Sandiaga kepada kelompok Islam. Alumni aksi 212 ini ikut rombongan Prabowo Subianto dan Sandiaga Uno mendaftar ke Komisi Pemilihan Umum.";;;;
17;Sandiaga Jadi Cawapres Prabowo, PKS Berharap Jatah Wagub DKI - pilpres Tempo.co;"	 TEMPO.CO, Jakarta - Presiden Partai Keadilan Sejahtera (PKS) Sohibul Iman mengklaim partainya berhak mendapat porsi kursi wakil gubernur DKI Jakarta yang ditinggalkan Sandiaga Uno. Secara aturan, kata Sohibul, pengganti Sandiaga harus berasal dari partai pengusung di pemilihan kepala daerah DKI Jakarta 2017.Baca: 3 Alasan Jokowi Gampang Kalahkan Prabowo - Sandiaga Versi Rommy""Secara aturan yang bisa ganti Pak Sandi itu kan dari PKS dan Gerindra karena dulu yang ngusung dari dua partai itu,"" kata Sohibul di kantor Komisi Pemilihan Umum, Jalan Imam Bonjol, Jakarta Pusat, Jumat, 10 Agustus 2018.Namun, Sohibul mengatakan PKS perlu diberikan prioritas sebab telah merelakan posisi calon wakil presiden Prabowo Subianto tak jadi jatah PKS. PKS sebelumnya memang ngotot ingin menjadi cawapres Prabowo berasal dari partainya. PKS mengajukan sembilan nama kader hasil rekomendasi Majelis Syuro.Belakangan, PKS menginginkan Prabowo mengikuti rekomendasi Ijtima Ulama Gerakan Nasional Pengawal Fatwa (GNPF) yang mengusulkan Ketua Majelis Syuro PKS Salim Segaf Al Jufri dan Abdul Somad menjadi cawapres Prabowo.Namun, Ketua Umum Partai Gerindra itu akhirnya memilih Sandiaga sebagai cawapres. Pasangan Prabowo - Sandi ini pun sempat menggoyahkan koalisi. Sebab, Demokrat dan PKS sempat melontarkan nada bakal mundur dari koalisi. Meski belakangan mereka tetap berada di kapal yang sama. ""Tetapi dari PKS memberikan posisi wakil presiden, tentu mereka memberikan hak prioritas kepada PKS untuk menjadi wagub,"" kata Sohibul.Sohibul tak menjawab saat ditanya siapa kader partainya yang akan diusulkan menjadi pengganti Sandiaga. Dia juga tak memberi jawaban tegas saat ditanya apakah posisi itu akan diberikan kepada Ketua DPP PKS Mardani Ali Sera ""Itu belum tahu,"" kata Sohibul.Sandiaga resmi melepas jabatan Wakil Gubernur DKI Jakarta seiring dengan pencalonannya sebagai wakil presiden. Dia juga meninggalkan jabatannya sebagai Wakil Ketua Dewan Pembina Partai Gerindra.Simak juga: Demokrat: Kami Tolak Sandiaga Uno Cawapres Prabowo, Karena...Sandiaga juga enggan menjawab saat ditanya siapa yang akan menjadi pengganti Sandiaga Uno setelah ia menjadi cawapres Prabowo. ""Saya tidak dalam kapasitas itu. Itu domainnya partai dan Pak Gubernur,"" kata Sandiaga di kantor KPU, Jumat, 10 Agustus 2018.";;;;
18;SBY, AHY, dan Ibas Masuk Timses Prabowo - Sandiaga - pilpres Tempo.co;"	 TEMPO.CO, Jakarta - Ketua umum Partai Demokrat Susilo Bambang Yudhoyono (SBY) dan dua putranya, Agus Harimurti Yudhoyono (AHY) serta Edhie Baskoro Yudhoyono atau Ibas masuk ke dalam tim sukses pemenangan pasangan calon presiden Prabowo Subianto-Sandiaga Uno (Prabowo - Sandiaga).Baca: AHY Beri Dukungan Penuh untuk Prabowo - Sandiaga Uno""Kalau AHY dan mas Ibas akan terlibat dalam timses,""kata Wakil Ketua Umum Partai Demokrat, Syarif Hasan, saat ditemui di kantor Komisi Pemilihan Umum, Jumat 10 Agustus 2018. Syarif mengatakan untuk kepastian tim suskes Prabowo - Sandi akan diumumkan dalam waktu dekat.Sedangkan keterlibatan SBY dibenarkan oleh Sekretaris Jenderal Partai Demokrat Hinca Panjaitan. ""Terlibat, pak SBY akan terlibat dalam tim sukses penyusunan visi misi,""ujarnya. SBY, kata Hinca, akan berperan sebagai pelatih untuk Prabowo - Sandi dan tim suksesnya. Hal ini juga akan mendukung tekad Partai Demokrat untuk mengerahkan seluruh kekuatan.Hinca menyebutkan Demokrat akan menurunkan seluruh kader dalam pertarung ulang antara Jokowi dan Prabowo dalam Pilpres 2019. ""Ini kan remacth, tahun lalu Partai Demokrat tidak turun, sekarang akan full team untuk mendukung Prabowo Sandiaga Uno,"" ujarnya.Baca juga: 3 Alasan Jokowi Gampang Kalahkan Prabowo - Sandiaga Versi RommyPartai Demokrat memutuskan untuk bergabung berkoalisi dengan Partai Gerindra, Partai Amanat Nasional (PAN), dan Partai Keadilan Sejahtera (PKS). Sebelumnya Partai Demokrat tidak hadir saat deklarasi Prabowo - Sandiaga menjadi pasangan capres di kediaman Prabowo, di Jalan Kertanegara IV, Jakarta, pada Kamis malam, 9 Agustus 2018.";;;;
19;SBY Bakal Terlibat Penyusunan Visi Misi untuk Prabowo - Sandiaga - pilpres Tempo.co;"	 TEMPO.CO, Jakarta - Sekretaris Jenderal Partai Demokrat Hinca Panjaitan mengatakan Ketua umum Partai Demokrat Susilo Bambang Yudhoyono atau SBY akan terlibat dalam penyusunan visi misi pasangan calon presiden Prabowo - Sandiaga Uno.Baca juga: Deklarasi Capres, Prabowo Singgung Soal Puan Maharani dan SBY""Pak SBY akan terlibat dalam penyusunan visi misi,""ujar Hinca usai mendampingi Prabowo - Sandiaga Uno mendaftar di Kantor Komisi Pemilihan Umum, Jumat 10 Agustus 2018.Menurut Hinca, posisi SBY akan menyerupai pelatih bagi kandidat Prabowo - Sandiaga Uno dan tim suksesnya untuk pemenangan pasangan tersebut. Hal ini juga akan mendukung tekad Partai Demokrat mengerahkan seluruh kekuatan.Hinca menyebutkan partainya akan menurunkan seluruh kader dalam pertarungan ulang antara Jokowi dan Prabowo dalam Pilpres . ""Ini kan rematch, tahun lalu Partai Demokrat tidak turun, sekarang akan full team untuk mendukung Prabowo - Sandiaga Uno,"" ujarnya.Sedangkan, untuk tim sukses, Hinca melanjutkan masih dalam pembahasan, menurut dia, dalam waktu dekat akan diumumkan.Partai Demokrat mengambil keputusan tetap berkoalisi dengan Partai Gerindra, Partai Amanat Nasional (PAN), dan Partai Keadilan Sejahtera (PKS) mendukung pasangan Ketua Umum Partai Gerindra Prabowo Subianto dan Sandiaga Uno dalam pemilihan presiden 2019.Baca juga: Gerindra Klaim SBY Menerima Penjelasan Prabowo dengan GembiraKetua Dewan Pembina Partai Demokrat E.E. Mangindaan mewakili SBY menyampaikan sikap partainya tersebut. ""Setelah beberapa kali melakukan beberapa pertemuan dengan pihak Pak Prabowo dan Partai Gerindra, serta partai pengusung lain, maka Majelis Tinggi Partai Demokrat, pada sidang pagi ini, memutuskan untuk mengusung pasangan calon presiden dan calon wakil presiden, Prabowo - Sandiaga Uno,"" kata Mangindaan didampingi pengurus Partai Demokrat, di kediaman SBY, Jumat, 10 Agustus 2018.Sebelumnya, Partai Demokrat tidak hadir saat deklarasi Prabowo - Sandiaga menjadi pasangan capres di kediaman Prabowo, di Jalan Kertanegara IV, Jakarta, pada Kamis malam, 9 Agustus 2018.";;;;
20;PPP Ungkap Pertimbangan Jokowi Pilih Ma'ruf Amin Jadi Cawapres - pilpres Tempo.co;"	 TEMPO.CO, Jakarta - Ketua Umum Partai Persatuan Pembangunan (PPP) Romahurmuziy membeberkan akseptabilitas atau faktor penerimaan dari partai pendukung maupun presiden menjadi faktor penting Joko Widodo atau Jokowi akhirnya memilih Ketua Majelis Ulama Indonesia (MUI) Ma'ruf Amin sebagai pendampingnya di pilpres 2019.""Seluruh aspek tentu dipertimbangkan. Dan salah satu yang paling penting adalah faktor akseptabilitas. Baik penerimaan presiden dan juga partai pengusung,"" kata Romy di KPU RI, Jakarta pada Jumat, 10 Agustus 2018.Baca: Hasil 4 Tahun Pimpin Pemerintahan, Jokowi: Ini Bukti, Bukan FiksiSebelumnya, Jokowi sempat ditengarai mengalami deadlock saat memilih calon wakil presiden. Sebab semua partai menginginkan kadernya menjadi cawapres Jokowi. Romahurmuziy termasuk salah satu yang disodorkan dari partainya. Sementara Ma'ruf adalah tokoh nonpartai yang dianggap bisa diterima semua pihak.Hal penting lainnya, kata Romy, Ma'ruf dinilai dapat menangkal berbagai ujaran kebencian dan SARA yang paling menonjol menggunakan agama, yang selama ini kerap ditujukan kepada Jokowi. ""Jadi, dengan dipilihnya Kiai Ma'ruf Amin, publik bisa menilai, siapa yang bersama ulama dan siapa yang meninggalkan ulama,"" ujarnya.Baca: Jadi Cawapres Jokowi, Ma'ruf Amin Tetap Sarungan?Romy juga mengaku dirinya yang pertama kali menyodorkan nama Ma'ruf Amin kepada Jokowi sejak 3 Desember 2017. Menurut dia, pengetahuan Ma'ruf bisa dikatakan paripurna.Dari sisi ekonomi misalnya, Romy mengatakan, Maruf Amin saat ini menjabat sebagai anggota Dewan Syariah Nasional MUI. Ulama sepuh tersebut juga ikut terlibat sebagai dewan pengawas syariah di berbagai bank dan asuransi syariah, di antaranya di Bank Muammalat, Bank BNI Syariah, dan Bank Mega Syariah.Selain itu, Ketua Majelis Ulama Indonesia itu mendapatkan gelar Doktor Honoris Causa dari UIN Syarif Hidayatullah Jakarta pada 2012 di bidang Hukum Ekonomi Syariah.Baca: Wawancara Ma'ruf Amin: MUI Tidak Menolak Pemimpin Nonmuslim, TapiDari sisi ekonomi, Romy melihat sosok Ma'ruf mewarnai seluruh spektrum politik yang ada di koalisi. Sehingga, Rais Aam PBNU ini dianggap sebagai titik temu dari berbagai spektrum. ""Figur yang dipilih pasti merupakan figur yang merupakan titik temu atau merupakan melting pot dari seluruh partai politik dan dari seluruh kelompok-kelompok masyarakat yang ada di Indonesia,"" ujarnya.Jokowi mengumumkan Ma'ruf Amin sebagai cawapresnya pada Kamis sore, 9 Agustus 2019. Pengumuman dilakukan di Restoran Plataran, Menteng, Jakarta, dengan dihadiri para ketua umum dan sekjen koalisi Jokowi.";;;;
21;PDIP Berencana Libatkan JK di Struktur Tim Kampanye Jokowi - pilpres Tempo.co;"	 TEMPO.CO, Jakarta - Sekretaris Jenderal PDI Perjuangan Hasto Kristiyanto mengatakan ada rencana melibatkan Wakil Presiden Jusuf Kalla atau JK dalam struktur tim pemenangan calon presiden dan wakil presiden 2019, Joko Widodo-Ma'ruf Amin.""Ya tentu saja karena beliau juga punya pengalaman sangat luas,"" kata Hasto di Jalan Teuku Umar, Jakarta Pusat, Jumat, 10 Agustus 2018.Baca: Tolak Tawaran Jadi Ketua Timses, JK Janji Tetap Bantu JokowiHasto mengatakan gambaran struktur tim kampanye Jokowi-Ma'ruf telah ada secara lengkap. Namun, kata dia, strukturnya masih perlu difinalisasi dan disusun secara objektif.Dalam gambaran struktur tim kampanye, Hasto mengatakan posisi dewan penasihat akan diisi oleh para ketua umum partai koalisi. Selain itu, ada dewan pengarah, ketua tim kampanye, sekretaris, wakil-wakil ketua tim kampanye, command dan control room.Untuk struktur selengkapnya, Hasto mengatakan masih menunggu arahan dari pasangan calon yang diusung. Karena kesibukan Jokowi sebagai presiden, maka finalisasi struktur itu pun sementara diserahkan kepada para sekretaris jenderal parpol koalisi.Baca: Alasan JK Tak Terima Tawaran Jadi Ketua Tim Pemenangan Jokowi""Meskipun gambarannya secara lengkap sebenarnya sudah ada, hanya karena kesibukan dan tugas-tugas kenegaraan dari Pak Presiden, karena beliau tetap menjalankan tugas-tugas dengan sebaik-baiknya. Jangan sampai hal-hal tersebut menggangu tugas utama beliau,"" kata Hasto.Jokowi sebelumnya sempat memberikan tawaran posisi ketua tim pemenangan untuk JK, dalam pertemuannya di kantor wakil presiden, pada Kamis kemarin, 9 Agustus 2018. Namun, JK menolaknya dan memilih untuk fokus melaksanakan tugas pemerintahan.Meski tak menerima tawaran itu, JK berjanji akan tetap membantu pemenangan Jokowi di pilpres 2019. ""Saya tetap menjanjikan, kan, untuk membantu Pak Jokowi,"" kata dia.Baca: Usai Tunjuk Maruf Amin Cawapres, Jokowi Minta JK Jadi Timses";;;;
22;Jokowi Siapkan Tiga Desain Baju untuk Pilpres 2019 - pilpres Tempo.co;"	 TEMPO.CO, Jakarta - Calon presiden Joko Widodo atau Jokowi tampil mencolok saat ia mendeklarasikan diri sebagai calon presiden 2019 di Gedung Joang 45, pagi tadi. Jokowi hadir mengenakan kemeja putih lengan panjang bertuliskan 'Bersih, Merakyat, Kerja Nyata'. Celana panjang hitam dan sneakers melengkapi penampilannya.Sekretaris Kabinet Pramono Anung bercerita asal usul baju Jokowi itu. Ia menuturkan, desain baju termasuk pilihan kata-katanya itu berasal dari ide Jokowi.Baca: Alasan Jokowi - Ma'ruf Pilih Gedung Joang 45 untuk Deklarasi""Ya memang sepenuhnya dari presiden, jadi presiden minta misalnya beberapa alternatif dibuatkan ini, itu, tapi gagasannya seribu persen dari presiden,"" kata Pramono di Kompleks Istana Kepresidenan, Jakarta, Jumat, 10 Agustus 2018.Selain itu, kata Pramono, pihaknya sengaja memunculkan baju model ini agar bisa menarik perhatian generasi muda. ""Ini kan era milineal, jadi baju itu harus menarik bagi siapa saja,"" kata dia.Pramono menuturkan pihaknya membuat tiga model baju untuk Jokowi. Ketiganya akan dipakai bergantian oleh Jokowi.Baca: Menteri Hadiri Deklarasi Jokowi - Ma'ruf, Ini Kata MensesnegMenurut politikus Partai Demokrasi Indonesia Perjuangan ini, pihaknya berharap baju ini bisa viral dan diikuti oleh masyarakat luas seperti saat Jokowi maju di pemilihan Gubernur DKI Jakarta dengan pakaian khasnya kemeja kotak-kotak. ""Semuanya pasti akan meniru,"" ujarnya.Jika Jokowi memang kerap memakai pakaian yang sengaja ia buat sendiri, maka berbeda dengan calon wakil presidennya, Ma'ruf Amin, yang kerap mengenakan busana muslim seperti kopiah dan sarung.Menurut Pramono, pihaknya sudah mengantisipasi hal itu dengan membuat pin bertuliskan kata-kata yang sama dengan baju Jokowi. ""Pak kiai pakai PIN-nya,"" kata dia.Baca: Daftar ke KPU, Jokowi: Demokrasi Bukan Perang, Tapi Adu Gagasan";;;;
23;Setelah Deklarasi Calon Presiden, Prabowo Sempat Sambangi Cendana - pilpres Tempo.co;"	 TEMPO.CO, Jakarta - Ketua Umum Partai Gerindra Prabowo Subianto disebut mendatangi rumah keluarga Cendana tak lama setelah mendeklarasikan diri sebagai calon presiden pada Kamis malam, 9 Agustus 2018. Hal ini diungkapkan oleh Ketua Dewan Pertimbangan Partai Berkarya Siti Hediati Hariyadi alias Titiek Soeharto.Baca juga: Demokrat: SBY Kaget, Tapi Terima Sandiaga Jadi Cawapres Prabowo""Tadi malam, setelah deklarasi Pak Prabowo bersilahturahmi ke Cendana,"" kata Titiek di kantor Komisi Pemilihan Umum, Jalan Imam Bonjol, Jakarta Pusat, Jumat, 10 Agustus 2018.Prabowo mendeklarasikan diri bakal maju sebagai calon presiden di Pemilihan Presiden (Pilpres 2019). Mantan Komandan Jenderal Komando Pasukan Khusus ini menggandeng Sandiaga Uno sebagai calon wakil presiden.Prabowo dan Sandiaga maju diusung Partai Gerindra, Partai Keadilan Sejahtera, Partai Amanat Nasional, dan Partai Demokrat. Adapun sebagai partai baru, Partai Berkarya berperan sebagai pendukung.Deklarasi Prabowo dan Sandiaga berlangsung di depan rumah Prabowo, Jalan Kertanegara IV, Kebayoran Baru, Jakarta Selatan pada Kamis malam pukul 23.25 WIB. Titiek mengatakan, Prabowo menyambangi Cendana ditemani Wakil Ketua Umum Partai Gerindra Fadli Zon dan Anggota Dewan Pembina Partai Gerindra Fuad Bawazier.Baca juga: Majelis Tinggi Demokrat Putuskan Dukung Prabowo di Pilpres 2019Titiek mengaku, dia menerima Prabowo bersama dengan Siti Hardijanti Rukmana (Mbak Tutut), Siti Hutami Endang Adiningsih (Mamiek Soeharto), dan beberapa orang lainnya. Titiek membenarkan kedatangan Prabowo adalah untuk memastikan dukungan Partai Berkarya untuk dirinya.Partai Berkarya sebelumnya juga terlibat dalam Ijtima Ulama Gerakan Nasional Pengawal Fatwa. Ketua Umum Partai Berkarya Hutomo Mandala Putra alias Tommy Soeharto ketika itu mengatakan partainya akan ikut hasil Ijtima soal capres dan cawapres yang akan diusung di Pilpres 2019.Titiek mengatakan Berkarya tak masalah akhirnya Prabowo tak mengikuti hasil Ijtima itu dalam menentukan cawapres. Dia berujar, keputusan Prabowo memilih Sandiaga Uno merupakan yang terbaik.Baca juga: 3 Alasan Jokowi Gampang Kalahkan Prabowo - Sandiaga Versi Rommy""Kemarin sudah disampaikan juga Pak Prabowo bahwa kita tidak mau memecah belah ya. Kalau di sana ulama, masa di sini calonin ulama lagi. Jadi kami serahkan ke masyarakat,"" ujarnya.Prabowo pernah menjadi bagian dari keluarga Cendana. Prabowo merupakan suami Titiek Soeharto sebelum kemudian bercerai. ";;;;
24;Menurut LHKPN, Ini Total Harta Kekayaan Jokowi - Ma'ruf - pilpres Tempo.co;"	 TEMPO.CO, Jakarta - Pasangan calon presiden Joko Widodo atau Jokowi dan Ma'ruf Amin harus melaporkan harta kekayaan atau LHKPN sebagai pejabat negara ke Direktorat Kekayaan Penyelenggara Negara Komisi Pemberantasan Korupsi atau KPK sebagai sarat untuk mendaftar sebagai pasangan calon presiden.Sebagai presiden, Jokowi memiliki total kekayaan Rp 30,07 miliar dan US$ 30 ribu pertanggal 31 Desember 2014. Harta tersebut terbagi dari harta tidak bergerak senilai Rp 29,453 miliar berupa tanah dan bangunan di sejumlah lokasi. Sedangkan harta bergerak Jokowi berupa kendaraan senilai Rp 954,5 juta terdiri dari 11 mobil dan 2 unit sepeda motor.Baca: Detik-detik sebelum Jokowi Umumkan Ma'ruf Amin Jadi CawapresSelain itu, Jokowi memiliki harta berupa logam mulia, batu mulia senilai Rp 42,2 juta dan harta bergerak lain sejumlah Rp 361,35 juta serta giro serta setara kas lain sejumlah Rp 529,032 juta dan US$ 30 ribu.Sedangkan pasangannya Ma'ruf Amin melaporkan LHKPN pada 10 Mei 2001 saat menjadi anggota DPR. Saat itu, total harta kekayaan Ma'ruf sebesar Rp427,232 juta.Baca: Maruf Amin Cawapres, PA 212 Tetap Ogah Dukung JokowiHarta tersebut terdiri dari harta tidak bergerak senilai Rp 231 juta berupa tanah dan bangunan dan harta bergerak berupa alat transportasi senilai Rp 290 juta. Selain itu, Ma'ruf memiliki giro dan setara kas lain Rp 50 juta.KPK telah membuka pelaporan harta kekayaan atau LHKPN bagi bakal calon presiden dan wakil presiden dalam pilpres 2019 sejak 4 Agustus 2018. Berdasar ketentuan Pasal 5 huruf F Undang-Undang Nomor 42 Tahun 2008, salah satu syarat yang harus dipenuhi pasangan capres adalah melaporkan kekayaannya ke instansi yang berwenang. ""Instansi berwenang dalam hal ini KPK,"" kata Direktur Pendaftaran dan Pemeriksaan LHKPN KPK Cahya Harefa beberapa waktu lalu.Baca: Jokowi - Ma'ruf Amin Disambut Shalawat di Gedung Joang";;;;
25;Gabung Koalisi Prabowo, Demokrat Siap Bergerak Full Team - pilpres Tempo.co;"	 TEMPO.CO, Jakarta - Sekretaris Jenderal Partai Demokrat Hinca Panjaitan menegaskan partainya akan turun full team untuk terlibat dalam re-match antara Prabowo Subianto dan Joko Widodo dalam pilpres 2019.""Ini kan rematch, tahun lalu Partai Demokrat tidak turun, sekarang akan full team untuk mendukung Prabowo - Sandiaga Uno,"" kata Hinca usai mendampingi Prabowo-Sandiaga mendaftar di Kantor Komisi Pemilihan Umum, Jumat, 10 Agustus 2018.Baca: Demokrat: SBY Kaget, Tapi Terima Sandiaga Jadi Cawapres PrabowoSelain menurunkan full team, menurut Hinca, Ketua Umum Partai Demokrat Susilo Bambang Yudhoyono akan terlibat dalam pembahasan visi dan misi Prabowo-Sandiaga. ""Pak SBY akan jadi pelatih yang baik dalam team ini,"" ujarnya.Sedangkan, untuk tim sukses, Hinca melanjutkan masih dalam pembahasan. Menurut dia, pengumuman tim sukses Prabowo-Sandiaga akan segera diumumkan.Baca: Majelis Tinggi Demokrat Putuskan Dukung Prabowo di Pilpres 2019Partai Demokrat mengambil keputusan tetap berkoalisi dengan Partai Gerindra, Partai Amanat Nasional (PAN), dan Partai Keadilan Sejahtera (PKS) untuk mendukung pasangan Ketua Umum Partai Gerindra Prabowo Subianto dan Sandiaga Uno dalam pemilihan presiden 2019. Ketua Dewan Pembina Partai Demokrat E.E. Mangindaan mewakili SBY menyampaikan sikap partainya tersebut. Sebelumnya, Partai Demokrat tidak hadir saat deklarasi Prabowo dan Sandiaga menjadi pasangan capres di kediaman Prabowo, di Jalan Kertanegara IV, Jakarta, pada Kamis malam, 9 Agustus 2018.";;;;
